step,transaction_id,type,amount,nameOrig,oldbalanceOrg,newbalanceOrig,nameDest,oldbalanceDest,newbalanceDest,country,hour,isFraud,balance_delta,balance_drained,amount_to_balance_ratio,is_high_risk_type,is_late_night,is_high_risk_country,is_large_transaction,type_encoded,anomaly_flag,risk_score,risk_tier,sar_narrative,sar_id
113,TXN0000113,TRANSFER,33741.51,C7022335,496346.02,462604.51,C5963914,1619.59,173013.48,US,21,0,33741.51000000001,0,0.0679796767995101,1,0,0,0,1,1,100.0,HIGH,"Account C7022335 initiated 1 TRANSFER transaction(s) totaling $33,741.51 within a 4-hour window to account C5963914. The originating account balance was depleted from $496,346.02 to $462,604.51. Activity originated from US and occurred during 21:00 (evening). Transaction pattern is inconsistent with established account behavior and may indicate layering or structuring activity. Risk indicators: statistical anomaly detected by Isolation Forest model.",SAR-00001
125,TXN0000125,PAYMENT,19553.53,C7162857,30275.04,10721.510000000002,M7017548,189802.16,164838.22,US,3,0,19553.53,0,0.6458417283105716,0,1,0,0,0,1,100.0,HIGH,"Account C7162857 flagged for anomalous PAYMENT activity. Transaction amount: $19,553.53 to account M7017548. Account balance changed from $30,275.04 to $10,721.51. Activity originated from US at 03:00 (late night / off-hours). Automated risk scoring system assigned HIGH risk tier based on behavioral deviation from account baseline. Risk indicators: activity occurred between 00:00–05:00 local time.",SAR-00002
179,TXN0000179,DEBIT,56406.42,C6578736,22167.84,0.0,C3238241,35017.83,155828.52,RU,20,0,22167.84,1,2.544401060226877,0,0,1,0,3,1,100.0,HIGH,"Account C6578736 flagged for anomalous DEBIT activity. Transaction amount: $56,406.42 to account C3238241. Account balance changed from $22,167.84 to $0.00. Activity originated from RU at 20:00 (evening). Automated risk scoring system assigned HIGH risk tier based on behavioral deviation from account baseline. Risk indicators: account balance fully depleted in single transaction; transaction originated from high-risk jurisdiction; transaction amount represents >80% of available balance.",SAR-00003
209,TXN0000209,CASH_OUT,543325.02,C7082139,36765.87,0.0,C5841933,197818.14,136079.73,RU,17,0,36765.87,1,14.777570677079664,1,0,1,1,2,1,100.0,HIGH,"Elevated CASH_OUT activity flagged for account C7082139. Amount: $543,325.02 via C5841933. Balance drained: $36,765.87 → $0.00. Country of origin: RU. Transaction time: 17:00 (business hours). Cash-out volume is anomalous relative to 90-day account history. Risk indicators: account balance fully depleted in single transaction; transaction amount exceeds $100,000 threshold; transaction originated from high-risk jurisdiction; transaction amount represents >80% of available balance.",SAR-00004
220,TXN0000220,CASH_IN,25067.24,C5848684,345119.96,320052.72000000003,C4477544,69760.63,186740.07,RU,15,0,25067.23999999999,0,0.0726332008348609,0,0,1,0,4,1,100.0,HIGH,"Account C5848684 flagged for anomalous CASH_IN activity. Transaction amount: $25,067.24 to account C4477544. Account balance changed from $345,119.96 to $320,052.72. Activity originated from RU at 15:00 (business hours). Automated risk scoring system assigned HIGH risk tier based on behavioral deviation from account baseline. Risk indicators: transaction originated from high-risk jurisdiction.",SAR-00005
252,TXN0000252,CASH_OUT,17056.94,C7516590,127497.82,110440.88,C5074489,169426.68,18492.8,US,2,0,17056.940000000002,0,0.1337811597001446,1,1,0,0,2,1,100.0,HIGH,"Elevated CASH_OUT activity flagged for account C7516590. Amount: $17,056.94 via C5074489. Balance drained: $127,497.82 → $110,440.88. Country of origin: US. Transaction time: 02:00 (late night / off-hours). Cash-out volume is anomalous relative to 90-day account history. Risk indicators: activity occurred between 00:00–05:00 local time.",SAR-00006
478,TXN0000478,TRANSFER,115585.02,C8560584,308171.22,192586.19999999995,C6508733,113372.38,161539.95,US,18,0,115585.02000000002,0,0.3750663184371389,1,0,0,1,1,1,100.0,HIGH,"Suspicious TRANSFER activity detected on account C8560584. A total of $115,585.02 was moved to beneficiary account C6508733 in 4 transaction(s). Originating account balance reduced to $192,586.20 from $308,171.22. Geographic origin: US. Time of activity: 18:00 (evening). This account has not previously transacted with the destination account. Risk indicators: transaction amount exceeds $100,000 threshold.",SAR-00007
561,TXN0000561,DEBIT,15534.24,C7159129,359.91,0.0,C8618181,146731.55,176586.47,CN,12,0,359.91,1,43.04186639328364,0,0,0,0,3,1,100.0,HIGH,"Account C7159129 flagged for anomalous DEBIT activity. Transaction amount: $15,534.24 to account C8618181. Account balance changed from $359.91 to $0.00. Activity originated from CN at 12:00 (business hours). Automated risk scoring system assigned HIGH risk tier based on behavioral deviation from account baseline. Risk indicators: account balance fully depleted in single transaction; transaction amount represents >80% of available balance.",SAR-00008
583,TXN0000583,PAYMENT,22957.17,C8215305,342368.99,319411.82,M6425946,134349.51,84708.12,CN,3,0,22957.169999999984,0,0.0670536865687322,0,1,0,0,0,1,100.0,HIGH,"Account C8215305 flagged for anomalous PAYMENT activity. Transaction amount: $22,957.17 to account M6425946. Account balance changed from $342,368.99 to $319,411.82. Activity originated from CN at 03:00 (late night / off-hours). Automated risk scoring system assigned HIGH risk tier based on behavioral deviation from account baseline. Risk indicators: activity occurred between 00:00–05:00 local time.",SAR-00009
614,TXN0000614,CASH_IN,32581.63,C5844933,58776.99,26195.36,C4031576,706.58,153079.16,US,6,0,32581.63,0,0.5543168454722593,0,0,0,0,4,1,100.0,HIGH,"Account C5844933 flagged for anomalous CASH_IN activity. Transaction amount: $32,581.63 to account C4031576. Account balance changed from $58,776.99 to $26,195.36. Activity originated from US at 06:00 (morning). Automated risk scoring system assigned HIGH risk tier based on behavioral deviation from account baseline. Risk indicators: statistical anomaly detected by Isolation Forest model.",SAR-00010
654,TXN0000654,PAYMENT,42054.41,C6311628,285138.2,243083.79,M6028724,183700.32,187335.3,UA,9,0,42054.41,0,0.1474872974322716,0,0,1,0,0,1,100.0,HIGH,"Account C6311628 flagged for anomalous PAYMENT activity. Transaction amount: $42,054.41 to account M6028724. Account balance changed from $285,138.20 to $243,083.79. Activity originated from UA at 09:00 (morning). Automated risk scoring system assigned HIGH risk tier based on behavioral deviation from account baseline. Risk indicators: transaction originated from high-risk jurisdiction.",SAR-00011
738,TXN0000738,PAYMENT,6842.78,C5662844,11274.32,4431.54,M4283564,135412.68,191524.74,RU,14,0,6842.78,0,0.6068812237701458,0,0,1,0,0,1,100.0,HIGH,"Account C5662844 flagged for anomalous PAYMENT activity. Transaction amount: $6,842.78 to account M4283564. Account balance changed from $11,274.32 to $4,431.54. Activity originated from RU at 14:00 (business hours). Automated risk scoring system assigned HIGH risk tier based on behavioral deviation from account baseline. Risk indicators: transaction originated from high-risk jurisdiction.",SAR-00012
11,TXN0000755,PAYMENT,47323.59,C1291577,174104.96,126781.37,M9044980,163407.74,177945.28,BR,4,0,47323.59,0,0.2718091327832775,0,1,0,0,0,1,100.0,HIGH,"Account C1291577 flagged for anomalous PAYMENT activity. Transaction amount: $47,323.59 to account M9044980. Account balance changed from $174,104.96 to $126,781.37. Activity originated from BR at 04:00 (late night / off-hours). Automated risk scoring system assigned HIGH risk tier based on behavioral deviation from account baseline. Risk indicators: activity occurred between 00:00–05:00 local time.",SAR-00013
18,TXN0000762,PAYMENT,40952.54,C1234617,108499.04,67546.5,M9872441,34354.69,150803.57,US,9,0,40952.53999999999,0,0.3774426258276034,0,0,0,0,0,1,100.0,HIGH,"Account C1234617 flagged for anomalous PAYMENT activity. Transaction amount: $40,952.54 to account M9872441. Account balance changed from $108,499.04 to $67,546.50. Activity originated from US at 09:00 (morning). Automated risk scoring system assigned HIGH risk tier based on behavioral deviation from account baseline. Risk indicators: statistical anomaly detected by Isolation Forest model.",SAR-00014
78,TXN0000822,TRANSFER,24289.42,C9899034,70897.87,46608.45,C8263354,99842.12,194674.3,US,1,0,24289.42,0,0.3425924841961515,1,1,0,0,1,1,100.0,HIGH,"Account C9899034 initiated 3 TRANSFER transaction(s) totaling $24,289.42 within a 24-hour window to account C8263354. The originating account balance was depleted from $70,897.87 to $46,608.45. Activity originated from US and occurred during 01:00 (late night / off-hours). Transaction pattern is inconsistent with established account behavior and may indicate layering or structuring activity. Risk indicators: activity occurred between 00:00–05:00 local time.",SAR-00015
103,TXN0000847,PAYMENT,33209.8,C8774990,236994.54,203784.74,M3485807,180483.07,147756.24,US,5,0,33209.80000000002,0,0.1401283754116216,0,0,0,0,0,1,100.0,HIGH,"Account C8774990 flagged for anomalous PAYMENT activity. Transaction amount: $33,209.80 to account M3485807. Account balance changed from $236,994.54 to $203,784.74. Activity originated from US at 05:00 (late night / off-hours). Automated risk scoring system assigned HIGH risk tier based on behavioral deviation from account baseline. Risk indicators: statistical anomaly detected by Isolation Forest model.",SAR-00016
136,TXN0000880,CASH_IN,38325.27,C9609823,59029.08,20703.810000000005,C9877514,6521.48,31367.94,US,15,0,38325.27,0,0.6492498400815312,0,0,0,0,4,1,100.0,HIGH,"Account C9609823 flagged for anomalous CASH_IN activity. Transaction amount: $38,325.27 to account C9877514. Account balance changed from $59,029.08 to $20,703.81. Activity originated from US at 15:00 (business hours). Automated risk scoring system assigned HIGH risk tier based on behavioral deviation from account baseline. Risk indicators: statistical anomaly detected by Isolation Forest model.",SAR-00017
165,TXN0000909,CASH_OUT,18518.2,C4507886,98043.4,79525.2,C1119712,55469.51,100065.13,DE,12,0,18518.2,0,0.1888756522555087,1,0,0,0,2,1,100.0,HIGH,"Elevated CASH_OUT activity flagged for account C4507886. Amount: $18,518.20 via C1119712. Balance drained: $98,043.40 → $79,525.20. Country of origin: DE. Transaction time: 12:00 (business hours). Cash-out volume is anomalous relative to 90-day account history. Risk indicators: statistical anomaly detected by Isolation Forest model.",SAR-00018
187,TXN0000931,TRANSFER,10533.48,C1112833,4946.05,0.0,C7087061,58115.24,38880.69,US,17,0,4946.05,1,2.1292447013876954,1,0,0,0,1,1,100.0,HIGH,"Account C1112833 initiated 3 TRANSFER transaction(s) totaling $10,533.48 within a 4-hour window to account C7087061. The originating account balance was depleted from $4,946.05 to $0.00. Activity originated from US and occurred during 17:00 (business hours). Transaction pattern is inconsistent with established account behavior and may indicate layering or structuring activity. Risk indicators: account balance fully depleted in single transaction; transaction amount represents >80% of available balance.",SAR-00019
339,TXN0001083,TRANSFER,15576.15,C8955730,266778.78,251202.63000000003,C4388982,110099.14,50505.1,US,4,0,15576.149999999994,0,0.0583857967046827,1,1,0,0,1,1,100.0,HIGH,"Account C8955730 initiated 2 TRANSFER transaction(s) totaling $15,576.15 within a 6-hour window to account C4388982. The originating account balance was depleted from $266,778.78 to $251,202.63. Activity originated from US and occurred during 04:00 (late night / off-hours). Transaction pattern is inconsistent with established account behavior and may indicate layering or structuring activity. Risk indicators: activity occurred between 00:00–05:00 local time.",SAR-00020
372,TXN0001116,PAYMENT,29936.42,C8125430,27041.67,0.0,M7235826,14754.06,167487.44,US,18,0,27041.67,1,1.1070068155252422,0,0,0,0,0,1,100.0,HIGH,"Account C8125430 flagged for anomalous PAYMENT activity. Transaction amount: $29,936.42 to account M7235826. Account balance changed from $27,041.67 to $0.00. Activity originated from US at 18:00 (evening). Automated risk scoring system assigned HIGH risk tier based on behavioral deviation from account baseline. Risk indicators: account balance fully depleted in single transaction; transaction amount represents >80% of available balance.",SAR-00021
413,TXN0001157,CASH_IN,22134.03,C6882321,206467.37,184333.34,C8783741,156927.03,79161.71,DE,22,0,22134.03,0,0.1072030064459752,0,0,0,0,4,1,100.0,HIGH,"Account C6882321 flagged for anomalous CASH_IN activity. Transaction amount: $22,134.03 to account C8783741. Account balance changed from $206,467.37 to $184,333.34. Activity originated from DE at 22:00 (evening). Automated risk scoring system assigned HIGH risk tier based on behavioral deviation from account baseline. Risk indicators: statistical anomaly detected by Isolation Forest model.",SAR-00022
417,TXN0001161,PAYMENT,23906.01,C7598776,400665.82,376759.81,M1865385,187878.34,78082.34,CN,4,0,23906.01000000001,0,0.0596655595289871,0,1,0,0,0,1,100.0,HIGH,"Account C7598776 flagged for anomalous PAYMENT activity. Transaction amount: $23,906.01 to account M1865385. Account balance changed from $400,665.82 to $376,759.81. Activity originated from CN at 04:00 (late night / off-hours). Automated risk scoring system assigned HIGH risk tier based on behavioral deviation from account baseline. Risk indicators: activity occurred between 00:00–05:00 local time.",SAR-00023
421,TXN0001165,CASH_IN,32193.02,C7008279,119860.94,87667.92,C4129876,38765.78,168091.36,UA,9,0,32193.020000000004,0,0.2685841727574241,0,0,1,0,4,1,100.0,HIGH,"Account C7008279 flagged for anomalous CASH_IN activity. Transaction amount: $32,193.02 to account C4129876. Account balance changed from $119,860.94 to $87,667.92. Activity originated from UA at 09:00 (morning). Automated risk scoring system assigned HIGH risk tier based on behavioral deviation from account baseline. Risk indicators: transaction originated from high-risk jurisdiction.",SAR-00024
475,TXN0001219,DEBIT,17859.63,C9422048,476842.63,458983.0,C3601089,199182.85,39345.48,MX,4,0,17859.630000000005,0,0.0374538504373016,0,1,0,0,3,1,100.0,HIGH,"Account C9422048 flagged for anomalous DEBIT activity. Transaction amount: $17,859.63 to account C3601089. Account balance changed from $476,842.63 to $458,983.00. Activity originated from MX at 04:00 (late night / off-hours). Automated risk scoring system assigned HIGH risk tier based on behavioral deviation from account baseline. Risk indicators: activity occurred between 00:00–05:00 local time.",SAR-00025
485,TXN0001229,PAYMENT,20354.27,C9309833,111771.79,91417.52,M3288458,60178.44,62178.17,BR,4,0,20354.26999999999,0,0.1821039807631177,0,1,0,0,0,1,100.0,HIGH,"Account C9309833 flagged for anomalous PAYMENT activity. Transaction amount: $20,354.27 to account M3288458. Account balance changed from $111,771.79 to $91,417.52. Activity originated from BR at 04:00 (late night / off-hours). Automated risk scoring system assigned HIGH risk tier based on behavioral deviation from account baseline. Risk indicators: activity occurred between 00:00–05:00 local time.",SAR-00026
489,TXN0001233,TRANSFER,42591.87,C3066894,73123.19,30531.32,C8253691,131493.07,34155.1,US,4,0,42591.87,0,0.5824593749346146,1,1,0,0,1,1,100.0,HIGH,"Suspicious TRANSFER activity detected on account C3066894. A total of $42,591.87 was moved to beneficiary account C8253691 in 2 transaction(s). Originating account balance reduced to $30,531.32 from $73,123.19. Geographic origin: US. Time of activity: 04:00 (late night / off-hours). This account has not previously transacted with the destination account. Risk indicators: activity occurred between 00:00–05:00 local time.",SAR-00027
492,TXN0001236,CASH_OUT,7012.16,C1571826,21315.9,14303.740000000002,C8457126,144613.05,55380.81,UA,4,0,7012.16,0,0.3289483930590282,1,1,1,0,2,1,100.0,HIGH,"Account C1571826 conducted 1 CASH_OUT transaction(s) totaling $7,012.16 through agent account C8457126. Origin balance decreased from $21,315.90 to $14,303.74. Activity logged from UA at 04:00 (late night / off-hours). Rapid cash extraction following prior electronic transfers suggests possible integration phase of money laundering. Risk indicators: activity occurred between 00:00–05:00 local time; transaction originated from high-risk jurisdiction.",SAR-00028
532,TXN0001276,CASH_OUT,25302.52,C4654790,29292.42,3989.899999999998,C7855353,110289.57,190658.66,UA,8,0,25302.52,0,0.8637612132690551,1,0,1,0,2,1,100.0,HIGH,"Elevated CASH_OUT activity flagged for account C4654790. Amount: $25,302.52 via C7855353. Balance drained: $29,292.42 → $3,989.90. Country of origin: UA. Transaction time: 08:00 (morning). Cash-out volume is anomalous relative to 90-day account history. Risk indicators: transaction originated from high-risk jurisdiction; transaction amount represents >80% of available balance.",SAR-00029
547,TXN0001291,CASH_IN,35810.59,C9291304,449936.23,414125.64,C4323637,33354.19,83725.12,DE,0,0,35810.58999999997,0,0.079590190836175,0,1,0,0,4,1,100.0,HIGH,"Account C9291304 flagged for anomalous CASH_IN activity. Transaction amount: $35,810.59 to account C4323637. Account balance changed from $449,936.23 to $414,125.64. Activity originated from DE at 00:00 (late night / off-hours). Automated risk scoring system assigned HIGH risk tier based on behavioral deviation from account baseline. Risk indicators: activity occurred between 00:00–05:00 local time.",SAR-00030
669,TXN0001413,PAYMENT,18583.04,C8443265,398376.78,379793.7400000001,M5058134,128275.85,160737.39,KE,16,0,18583.03999999992,0,0.0466467783419045,0,0,1,0,0,1,100.0,HIGH,"Account C8443265 flagged for anomalous PAYMENT activity. Transaction amount: $18,583.04 to account M5058134. Account balance changed from $398,376.78 to $379,793.74. Activity originated from KE at 16:00 (business hours). Automated risk scoring system assigned HIGH risk tier based on behavioral deviation from account baseline. Risk indicators: transaction originated from high-risk jurisdiction.",SAR-00031
682,TXN0001426,TRANSFER,14949.22,C9120146,7116.3,0.0,C7373200,41285.85,30017.7,KE,10,0,7116.3,1,2.1004060528571227,1,0,1,0,1,1,100.0,HIGH,"Account C9120146 initiated 4 TRANSFER transaction(s) totaling $14,949.22 within a 24-hour window to account C7373200. The originating account balance was depleted from $7,116.30 to $0.00. Activity originated from KE and occurred during 10:00 (morning). Transaction pattern is inconsistent with established account behavior and may indicate layering or structuring activity. Risk indicators: account balance fully depleted in single transaction; transaction originated from high-risk jurisdiction; transaction amount represents >80% of available balance.",SAR-00032
709,TXN0001453,PAYMENT,44505.42,C7891727,198153.99,153648.57,M8169423,166334.89,12057.27,RU,1,0,44505.419999999984,0,0.224599037349501,0,1,1,0,0,1,100.0,HIGH,"Account C7891727 flagged for anomalous PAYMENT activity. Transaction amount: $44,505.42 to account M8169423. Account balance changed from $198,153.99 to $153,648.57. Activity originated from RU at 01:00 (late night / off-hours). Automated risk scoring system assigned HIGH risk tier based on behavioral deviation from account baseline. Risk indicators: activity occurred between 00:00–05:00 local time; transaction originated from high-risk jurisdiction.",SAR-00033
3,TXN0001491,PAYMENT,40798.42,C3663379,340198.45,299400.03,M2680038,45251.5,186129.78,CN,19,0,40798.419999999984,0,0.1199250028181997,0,0,0,0,0,1,100.0,HIGH,"Account C3663379 flagged for anomalous PAYMENT activity. Transaction amount: $40,798.42 to account M2680038. Account balance changed from $340,198.45 to $299,400.03. Activity originated from CN at 19:00 (evening). Automated risk scoring system assigned HIGH risk tier based on behavioral deviation from account baseline. Risk indicators: statistical anomaly detected by Isolation Forest model.",SAR-00034
6,TXN0001494,CASH_OUT,5346.62,C4502324,29611.11,24264.49,C2120966,32050.59,194419.0,NG,4,0,5346.619999999999,0,0.1805551850239648,1,1,1,0,2,1,100.0,HIGH,"Elevated CASH_OUT activity flagged for account C4502324. Amount: $5,346.62 via C2120966. Balance drained: $29,611.11 → $24,264.49. Country of origin: NG. Transaction time: 04:00 (late night / off-hours). Cash-out volume is anomalous relative to 90-day account history. Risk indicators: activity occurred between 00:00–05:00 local time; transaction originated from high-risk jurisdiction.",SAR-00035
8,TXN0001496,TRANSFER,15108.42,C4796768,70220.17,55111.75,C5634166,188868.22,30369.24,NG,23,0,15108.419999999998,0,0.2151547745501819,1,0,1,0,1,1,100.0,HIGH,"Suspicious TRANSFER activity detected on account C4796768. A total of $15,108.42 was moved to beneficiary account C5634166 in 1 transaction(s). Originating account balance reduced to $55,111.75 from $70,220.17. Geographic origin: NG. Time of activity: 23:00 (evening). This account has not previously transacted with the destination account. Risk indicators: transaction originated from high-risk jurisdiction.",SAR-00036
127,TXN0001615,CASH_OUT,145250.5,C2603610,375096.16,229845.66,C7444855,92537.85,180086.11,CN,2,0,145250.49999999997,0,0.3872343368315559,1,1,0,1,2,1,100.0,HIGH,"Elevated CASH_OUT activity flagged for account C2603610. Amount: $145,250.50 via C7444855. Balance drained: $375,096.16 → $229,845.66. Country of origin: CN. Transaction time: 02:00 (late night / off-hours). Cash-out volume is anomalous relative to 90-day account history. Risk indicators: transaction amount exceeds $100,000 threshold; activity occurred between 00:00–05:00 local time.",SAR-00037
161,TXN0001649,TRANSFER,43439.62,C3749697,329300.67,285861.05,C7262388,64142.25,127862.84,US,17,0,43439.62,0,0.1319143629001335,1,0,0,0,1,1,100.0,HIGH,"Suspicious TRANSFER activity detected on account C3749697. A total of $43,439.62 was moved to beneficiary account C7262388 in 2 transaction(s). Originating account balance reduced to $285,861.05 from $329,300.67. Geographic origin: US. Time of activity: 17:00 (business hours). This account has not previously transacted with the destination account. Risk indicators: statistical anomaly detected by Isolation Forest model.",SAR-00038
230,TXN0001718,PAYMENT,1011.21,C7332142,286.7,0.0,M3280095,135505.08,79003.38,NG,15,0,286.7,1,3.5148070907195,0,0,1,0,0,1,100.0,HIGH,"Account C7332142 flagged for anomalous PAYMENT activity. Transaction amount: $1,011.21 to account M3280095. Account balance changed from $286.70 to $0.00. Activity originated from NG at 15:00 (business hours). Automated risk scoring system assigned HIGH risk tier based on behavioral deviation from account baseline. Risk indicators: account balance fully depleted in single transaction; transaction originated from high-risk jurisdiction; transaction amount represents >80% of available balance.",SAR-00039
446,TXN0001934,TRANSFER,48469.34,C8611432,163383.92,114914.58000000002,C2803930,34701.93,123875.91,US,3,0,48469.34,0,0.2966573659307113,1,1,0,0,1,1,100.0,HIGH,"Suspicious TRANSFER activity detected on account C8611432. A total of $48,469.34 was moved to beneficiary account C2803930 in 4 transaction(s). Originating account balance reduced to $114,914.58 from $163,383.92. Geographic origin: US. Time of activity: 03:00 (late night / off-hours). This account has not previously transacted with the destination account. Risk indicators: activity occurred between 00:00–05:00 local time.",SAR-00040
469,TXN0001957,CASH_OUT,130026.96,C3028864,87774.5,0.0,C8864697,157442.33,145660.69,NG,6,0,87774.5,1,1.4813582377770562,1,0,1,1,2,1,100.0,HIGH,"Account C3028864 conducted 3 CASH_OUT transaction(s) totaling $130,026.96 through agent account C8864697. Origin balance decreased from $87,774.50 to $0.00. Activity logged from NG at 06:00 (morning). Rapid cash extraction following prior electronic transfers suggests possible integration phase of money laundering. Risk indicators: account balance fully depleted in single transaction; transaction amount exceeds $100,000 threshold; transaction originated from high-risk jurisdiction; transaction amount represents >80% of available balance.",SAR-00041
547,TXN0002035,DEBIT,61042.16,C1367938,180158.09,119115.93,C3777860,99118.39,52436.55,KE,9,0,61042.16,0,0.338823647477349,0,0,1,0,3,1,100.0,HIGH,"Account C1367938 flagged for anomalous DEBIT activity. Transaction amount: $61,042.16 to account C3777860. Account balance changed from $180,158.09 to $119,115.93. Activity originated from KE at 09:00 (morning). Automated risk scoring system assigned HIGH risk tier based on behavioral deviation from account baseline. Risk indicators: transaction originated from high-risk jurisdiction.",SAR-00042
617,TXN0002105,PAYMENT,6537.73,C6504576,2528.43,0.0,M5697596,130389.93,182482.8,US,16,0,2528.43,1,2.584665319854671,0,0,0,0,0,1,100.0,HIGH,"Account C6504576 flagged for anomalous PAYMENT activity. Transaction amount: $6,537.73 to account M5697596. Account balance changed from $2,528.43 to $0.00. Activity originated from US at 16:00 (business hours). Automated risk scoring system assigned HIGH risk tier based on behavioral deviation from account baseline. Risk indicators: account balance fully depleted in single transaction; transaction amount represents >80% of available balance.",SAR-00043
632,TXN0002120,CASH_OUT,30492.34,C6550713,26536.48,0.0,C6603464,78694.71,89797.13,GB,8,0,26536.48,1,1.1490292220663003,1,0,0,0,2,1,100.0,HIGH,"Account C6550713 conducted 4 CASH_OUT transaction(s) totaling $30,492.34 through agent account C6603464. Origin balance decreased from $26,536.48 to $0.00. Activity logged from GB at 08:00 (morning). Rapid cash extraction following prior electronic transfers suggests possible integration phase of money laundering. Risk indicators: account balance fully depleted in single transaction; transaction amount represents >80% of available balance.",SAR-00044
687,TXN0002175,CASH_IN,15979.75,C2645611,73759.45,57779.7,C7837787,181487.97,142243.16,US,9,0,15979.75,0,0.2166438789351203,0,0,0,0,4,1,100.0,HIGH,"Account C2645611 flagged for anomalous CASH_IN activity. Transaction amount: $15,979.75 to account C7837787. Account balance changed from $73,759.45 to $57,779.70. Activity originated from US at 09:00 (morning). Automated risk scoring system assigned HIGH risk tier based on behavioral deviation from account baseline. Risk indicators: statistical anomaly detected by Isolation Forest model.",SAR-00045
730,TXN0002218,CASH_OUT,16308.53,C5812104,114619.3,98310.77,C7699083,77223.26,62766.19,DE,15,0,16308.53,0,0.1422830859804066,1,0,0,0,2,1,100.0,HIGH,"Elevated CASH_OUT activity flagged for account C5812104. Amount: $16,308.53 via C7699083. Balance drained: $114,619.30 → $98,310.77. Country of origin: DE. Transaction time: 15:00 (business hours). Cash-out volume is anomalous relative to 90-day account history. Risk indicators: statistical anomaly detected by Isolation Forest model.",SAR-00046
73,TXN0002305,TRANSFER,122987.39,C9958729,82007.05,0.0,C8251038,171558.91,35462.08,NG,13,0,82007.05,1,1.499698992964715,1,0,1,1,1,1,100.0,HIGH,"Suspicious TRANSFER activity detected on account C9958729. A total of $122,987.39 was moved to beneficiary account C8251038 in 4 transaction(s). Originating account balance reduced to $0.00 from $82,007.05. Geographic origin: NG. Time of activity: 13:00 (business hours). This account has not previously transacted with the destination account. Risk indicators: account balance fully depleted in single transaction; transaction amount exceeds $100,000 threshold; transaction originated from high-risk jurisdiction; transaction amount represents >80% of available balance.",SAR-00047
76,TXN0002308,PAYMENT,712.66,C6112064,410.24,0.0,M2823015,132764.8,158220.39,US,4,0,410.24,1,1.7329539928022564,0,1,0,0,0,1,100.0,HIGH,Account C6112064 flagged for anomalous PAYMENT activity. Transaction amount: $712.66 to account M2823015. Account balance changed from $410.24 to $0.00. Activity originated from US at 04:00 (late night / off-hours). Automated risk scoring system assigned HIGH risk tier based on behavioral deviation from account baseline. Risk indicators: account balance fully depleted in single transaction; activity occurred between 00:00–05:00 local time; transaction amount represents >80% of available balance.,SAR-00048
97,TXN0002329,TRANSFER,1337.03,C1213496,315.94,0.0,C1792611,151954.46,80659.41,US,11,0,315.94,1,4.218558717738373,1,0,0,0,1,1,100.0,HIGH,"Suspicious TRANSFER activity detected on account C1213496. A total of $1,337.03 was moved to beneficiary account C1792611 in 1 transaction(s). Originating account balance reduced to $0.00 from $315.94. Geographic origin: US. Time of activity: 11:00 (morning). This account has not previously transacted with the destination account. Risk indicators: account balance fully depleted in single transaction; transaction amount represents >80% of available balance.",SAR-00049
239,TXN0002471,PAYMENT,27660.07,C2760974,442053.05,414392.98,M7508783,136748.58,123367.8,US,11,0,27660.070000000007,0,0.0625716923077619,0,0,0,0,0,1,100.0,HIGH,"Account C2760974 flagged for anomalous PAYMENT activity. Transaction amount: $27,660.07 to account M7508783. Account balance changed from $442,053.05 to $414,392.98. Activity originated from US at 11:00 (morning). Automated risk scoring system assigned HIGH risk tier based on behavioral deviation from account baseline. Risk indicators: statistical anomaly detected by Isolation Forest model.",SAR-00050
274,TXN0002506,TRANSFER,89160.09,C1426130,471795.12,382635.03,C9805124,115542.1,148440.74,CN,4,0,89160.08999999997,0,0.1889801255677982,1,1,0,0,1,1,100.0,HIGH,"Suspicious TRANSFER activity detected on account C1426130. A total of $89,160.09 was moved to beneficiary account C9805124 in 4 transaction(s). Originating account balance reduced to $382,635.03 from $471,795.12. Geographic origin: CN. Time of activity: 04:00 (late night / off-hours). This account has not previously transacted with the destination account. Risk indicators: activity occurred between 00:00–05:00 local time.",SAR-00051
289,TXN0002521,PAYMENT,95847.92,C6868570,54362.85,0.0,M6453433,120942.25,25444.11,CN,23,0,54362.85,1,1.763081900932329,0,0,0,0,0,1,100.0,HIGH,"Account C6868570 flagged for anomalous PAYMENT activity. Transaction amount: $95,847.92 to account M6453433. Account balance changed from $54,362.85 to $0.00. Activity originated from CN at 23:00 (evening). Automated risk scoring system assigned HIGH risk tier based on behavioral deviation from account baseline. Risk indicators: account balance fully depleted in single transaction; transaction amount represents >80% of available balance.",SAR-00052
296,TXN0002528,PAYMENT,14959.28,C1546508,129524.03,114564.75,M5689111,116956.32,34670.55,CN,1,0,14959.28,0,0.1154933529063842,0,1,0,0,0,1,100.0,HIGH,"Account C1546508 flagged for anomalous PAYMENT activity. Transaction amount: $14,959.28 to account M5689111. Account balance changed from $129,524.03 to $114,564.75. Activity originated from CN at 01:00 (late night / off-hours). Automated risk scoring system assigned HIGH risk tier based on behavioral deviation from account baseline. Risk indicators: activity occurred between 00:00–05:00 local time.",SAR-00053
312,TXN0002544,CASH_OUT,31364.53,C1828280,425676.2,394311.67,C9680946,27931.51,93227.55,RU,18,0,31364.530000000028,0,0.0736814891659689,1,0,1,0,2,1,100.0,HIGH,"Account C1828280 conducted 2 CASH_OUT transaction(s) totaling $31,364.53 through agent account C9680946. Origin balance decreased from $425,676.20 to $394,311.67. Activity logged from RU at 18:00 (evening). Rapid cash extraction following prior electronic transfers suggests possible integration phase of money laundering. Risk indicators: transaction originated from high-risk jurisdiction.",SAR-00054
317,TXN0002549,PAYMENT,15944.76,C8269416,28665.03,12720.27,M5612679,100691.24,156877.59,RU,20,0,15944.759999999998,0,0.5562249115067556,0,0,1,0,0,1,100.0,HIGH,"Account C8269416 flagged for anomalous PAYMENT activity. Transaction amount: $15,944.76 to account M5612679. Account balance changed from $28,665.03 to $12,720.27. Activity originated from RU at 20:00 (evening). Automated risk scoring system assigned HIGH risk tier based on behavioral deviation from account baseline. Risk indicators: transaction originated from high-risk jurisdiction.",SAR-00055
342,TXN0002574,TRANSFER,46239.34,C9403033,312910.72,266671.38,C6657548,34876.22,78162.97,US,23,0,46239.33999999997,0,0.1477711988544245,1,0,0,0,1,1,100.0,HIGH,"Account C9403033 initiated 1 TRANSFER transaction(s) totaling $46,239.34 within a 12-hour window to account C6657548. The originating account balance was depleted from $312,910.72 to $266,671.38. Activity originated from US and occurred during 23:00 (evening). Transaction pattern is inconsistent with established account behavior and may indicate layering or structuring activity. Risk indicators: statistical anomaly detected by Isolation Forest model.",SAR-00056
387,TXN0002619,PAYMENT,4499.15,C7890888,5539.82,1040.67,M3161087,193299.68,189725.54,NG,2,0,4499.15,0,0.8120007507913991,0,1,1,0,0,1,100.0,HIGH,"Account C7890888 flagged for anomalous PAYMENT activity. Transaction amount: $4,499.15 to account M3161087. Account balance changed from $5,539.82 to $1,040.67. Activity originated from NG at 02:00 (late night / off-hours). Automated risk scoring system assigned HIGH risk tier based on behavioral deviation from account baseline. Risk indicators: activity occurred between 00:00–05:00 local time; transaction originated from high-risk jurisdiction; transaction amount represents >80% of available balance.",SAR-00057
470,TXN0002702,TRANSFER,13691.64,C9148714,52243.6,38551.96,C4504186,114146.58,96881.05,UA,18,0,13691.64,0,0.2620680414817991,1,0,1,0,1,1,100.0,HIGH,"Account C9148714 initiated 4 TRANSFER transaction(s) totaling $13,691.64 within a 12-hour window to account C4504186. The originating account balance was depleted from $52,243.60 to $38,551.96. Activity originated from UA and occurred during 18:00 (evening). Transaction pattern is inconsistent with established account behavior and may indicate layering or structuring activity. Risk indicators: transaction originated from high-risk jurisdiction.",SAR-00058
488,TXN0002720,DEBIT,12189.31,C6075721,34355.55,22166.240000000005,C5362279,94461.89,59221.22,RU,19,0,12189.309999999998,0,0.3547885337730359,0,0,1,0,3,1,100.0,HIGH,"Account C6075721 flagged for anomalous DEBIT activity. Transaction amount: $12,189.31 to account C5362279. Account balance changed from $34,355.55 to $22,166.24. Activity originated from RU at 19:00 (evening). Automated risk scoring system assigned HIGH risk tier based on behavioral deviation from account baseline. Risk indicators: transaction originated from high-risk jurisdiction.",SAR-00059
492,TXN0002724,CASH_OUT,12396.56,C9970343,15198.4,2801.84,C4747003,42518.23,133594.69,CN,8,0,12396.56,0,0.815595352448123,1,0,0,0,2,1,100.0,HIGH,"Account C9970343 conducted 4 CASH_OUT transaction(s) totaling $12,396.56 through agent account C4747003. Origin balance decreased from $15,198.40 to $2,801.84. Activity logged from CN at 08:00 (morning). Rapid cash extraction following prior electronic transfers suggests possible integration phase of money laundering. Risk indicators: transaction amount represents >80% of available balance.",SAR-00060
569,TXN0002801,PAYMENT,53426.78,C3573667,201857.91,148431.13,M1458160,63007.42,51218.91,RU,3,0,53426.78,0,0.2646738754311117,0,1,1,0,0,1,100.0,HIGH,"Account C3573667 flagged for anomalous PAYMENT activity. Transaction amount: $53,426.78 to account M1458160. Account balance changed from $201,857.91 to $148,431.13. Activity originated from RU at 03:00 (late night / off-hours). Automated risk scoring system assigned HIGH risk tier based on behavioral deviation from account baseline. Risk indicators: activity occurred between 00:00–05:00 local time; transaction originated from high-risk jurisdiction.",SAR-00061
606,TXN0002838,PAYMENT,20693.2,C1663631,145989.03,125295.83,M5134708,51563.39,179063.74,US,6,0,20693.2,0,0.1417439259379561,0,0,0,0,0,1,100.0,HIGH,"Account C1663631 flagged for anomalous PAYMENT activity. Transaction amount: $20,693.20 to account M5134708. Account balance changed from $145,989.03 to $125,295.83. Activity originated from US at 06:00 (morning). Automated risk scoring system assigned HIGH risk tier based on behavioral deviation from account baseline. Risk indicators: statistical anomaly detected by Isolation Forest model.",SAR-00062
662,TXN0002894,CASH_OUT,676.23,C3392875,235.23,0.0,C4806825,195483.21,27343.29,GB,11,0,235.23,1,2.862591542141134,1,0,0,0,2,0,100.0,HIGH,Account C3392875 conducted 2 CASH_OUT transaction(s) totaling $676.23 through agent account C4806825. Origin balance decreased from $235.23 to $0.00. Activity logged from GB at 11:00 (morning). Rapid cash extraction following prior electronic transfers suggests possible integration phase of money laundering. Risk indicators: account balance fully depleted in single transaction; transaction amount represents >80% of available balance.,SAR-00063
663,TXN0002895,PAYMENT,629370.51,C7460415,232736.6,0.0,M8863868,56972.76,75368.89,GB,2,0,232736.6,1,2.704206410996762,0,1,0,1,0,1,100.0,HIGH,"Account C7460415 flagged for anomalous PAYMENT activity. Transaction amount: $629,370.51 to account M8863868. Account balance changed from $232,736.60 to $0.00. Activity originated from GB at 02:00 (late night / off-hours). Automated risk scoring system assigned HIGH risk tier based on behavioral deviation from account baseline. Risk indicators: account balance fully depleted in single transaction; transaction amount exceeds $100,000 threshold; activity occurred between 00:00–05:00 local time; transaction amount represents >80% of available balance.",SAR-00064
13,TXN0002989,DEBIT,30435.15,C6173587,214265.26,183830.11,C9817804,72212.2,8717.38,US,20,0,30435.150000000023,0,0.1420435956645717,0,0,0,0,3,1,100.0,HIGH,"Account C6173587 flagged for anomalous DEBIT activity. Transaction amount: $30,435.15 to account C9817804. Account balance changed from $214,265.26 to $183,830.11. Activity originated from US at 20:00 (evening). Automated risk scoring system assigned HIGH risk tier based on behavioral deviation from account baseline. Risk indicators: statistical anomaly detected by Isolation Forest model.",SAR-00065
216,TXN0003192,CASH_IN,23465.9,C9308229,9236.05,0.0,C9428568,64789.55,110332.81,KE,8,0,9236.05,1,2.5404106289345627,0,0,1,0,4,1,100.0,HIGH,"Account C9308229 flagged for anomalous CASH_IN activity. Transaction amount: $23,465.90 to account C9428568. Account balance changed from $9,236.05 to $0.00. Activity originated from KE at 08:00 (morning). Automated risk scoring system assigned HIGH risk tier based on behavioral deviation from account baseline. Risk indicators: account balance fully depleted in single transaction; transaction originated from high-risk jurisdiction; transaction amount represents >80% of available balance.",SAR-00066
236,TXN0003212,CASH_OUT,6866.76,C5841424,1263.84,0.0,C7634113,166027.2,16437.22,CN,0,0,1263.84,1,5.428955441004397,1,1,0,0,2,1,100.0,HIGH,"Elevated CASH_OUT activity flagged for account C5841424. Amount: $6,866.76 via C7634113. Balance drained: $1,263.84 → $0.00. Country of origin: CN. Transaction time: 00:00 (late night / off-hours). Cash-out volume is anomalous relative to 90-day account history. Risk indicators: account balance fully depleted in single transaction; activity occurred between 00:00–05:00 local time; transaction amount represents >80% of available balance.",SAR-00067
251,TXN0003227,PAYMENT,2978.69,C6065908,940.48,0.0,M8449748,50324.53,161372.75,US,3,0,940.48,1,3.163837787313591,0,1,0,0,0,1,100.0,HIGH,"Account C6065908 flagged for anomalous PAYMENT activity. Transaction amount: $2,978.69 to account M8449748. Account balance changed from $940.48 to $0.00. Activity originated from US at 03:00 (late night / off-hours). Automated risk scoring system assigned HIGH risk tier based on behavioral deviation from account baseline. Risk indicators: account balance fully depleted in single transaction; activity occurred between 00:00–05:00 local time; transaction amount represents >80% of available balance.",SAR-00068
265,TXN0003241,TRANSFER,75872.24,C7119614,194915.95,119043.71,C3573082,68541.03,189716.71,US,5,0,75872.24,0,0.389254192618959,1,0,0,0,1,1,100.0,HIGH,"Suspicious TRANSFER activity detected on account C7119614. A total of $75,872.24 was moved to beneficiary account C3573082 in 3 transaction(s). Originating account balance reduced to $119,043.71 from $194,915.95. Geographic origin: US. Time of activity: 05:00 (late night / off-hours). This account has not previously transacted with the destination account. Risk indicators: statistical anomaly detected by Isolation Forest model.",SAR-00069
332,TXN0003308,CASH_IN,8286.44,C4164842,6698.41,0.0,C4383346,190469.44,28351.75,KE,16,0,6698.41,1,1.2368910098053412,0,0,1,0,4,1,100.0,HIGH,"Account C4164842 flagged for anomalous CASH_IN activity. Transaction amount: $8,286.44 to account C4383346. Account balance changed from $6,698.41 to $0.00. Activity originated from KE at 16:00 (business hours). Automated risk scoring system assigned HIGH risk tier based on behavioral deviation from account baseline. Risk indicators: account balance fully depleted in single transaction; transaction originated from high-risk jurisdiction; transaction amount represents >80% of available balance.",SAR-00070
336,TXN0003312,DEBIT,15868.54,C9109893,13854.39,0.0,C3218526,114291.46,9244.03,US,2,0,13854.39,1,1.1452972453319612,0,1,0,0,3,1,100.0,HIGH,"Account C9109893 flagged for anomalous DEBIT activity. Transaction amount: $15,868.54 to account C3218526. Account balance changed from $13,854.39 to $0.00. Activity originated from US at 02:00 (late night / off-hours). Automated risk scoring system assigned HIGH risk tier based on behavioral deviation from account baseline. Risk indicators: account balance fully depleted in single transaction; activity occurred between 00:00–05:00 local time; transaction amount represents >80% of available balance.",SAR-00071
343,TXN0003319,TRANSFER,25338.53,C8541891,379862.47,354523.93999999994,C4953289,96003.29,176373.7,BR,22,0,25338.530000000028,0,0.0667043082610707,1,0,0,0,1,1,100.0,HIGH,"Suspicious TRANSFER activity detected on account C8541891. A total of $25,338.53 was moved to beneficiary account C4953289 in 3 transaction(s). Originating account balance reduced to $354,523.94 from $379,862.47. Geographic origin: BR. Time of activity: 22:00 (evening). This account has not previously transacted with the destination account. Risk indicators: statistical anomaly detected by Isolation Forest model.",SAR-00072
404,TXN0003380,PAYMENT,18585.04,C9666820,386101.4,367516.36,M3785047,67362.85,82563.55,RU,0,0,18585.04000000004,0,0.0481350025278268,0,1,1,0,0,1,100.0,HIGH,"Account C9666820 flagged for anomalous PAYMENT activity. Transaction amount: $18,585.04 to account M3785047. Account balance changed from $386,101.40 to $367,516.36. Activity originated from RU at 00:00 (late night / off-hours). Automated risk scoring system assigned HIGH risk tier based on behavioral deviation from account baseline. Risk indicators: activity occurred between 00:00–05:00 local time; transaction originated from high-risk jurisdiction.",SAR-00073
422,TXN0003398,PAYMENT,22991.95,C8565186,116871.4,93879.45,M6881972,111304.24,69536.59,US,20,0,22991.95,0,0.1967269432303948,0,0,0,0,0,1,100.0,HIGH,"Account C8565186 flagged for anomalous PAYMENT activity. Transaction amount: $22,991.95 to account M6881972. Account balance changed from $116,871.40 to $93,879.45. Activity originated from US at 20:00 (evening). Automated risk scoring system assigned HIGH risk tier based on behavioral deviation from account baseline. Risk indicators: statistical anomaly detected by Isolation Forest model.",SAR-00074
458,TXN0003434,CASH_OUT,23037.29,C5165993,383371.96,360334.67,C8200858,174421.64,176758.75,MX,13,0,23037.29000000004,0,0.0600910664121955,1,0,0,0,2,1,100.0,HIGH,"Elevated CASH_OUT activity flagged for account C5165993. Amount: $23,037.29 via C8200858. Balance drained: $383,371.96 → $360,334.67. Country of origin: MX. Transaction time: 13:00 (business hours). Cash-out volume is anomalous relative to 90-day account history. Risk indicators: statistical anomaly detected by Isolation Forest model.",SAR-00075
558,TXN0003534,CASH_OUT,16182.52,C4852779,16386.05,203.52999999999884,C3946501,180244.04,94133.59,US,21,0,16182.52,0,0.9875188029572132,1,0,0,0,2,1,100.0,HIGH,"Elevated CASH_OUT activity flagged for account C4852779. Amount: $16,182.52 via C3946501. Balance drained: $16,386.05 → $203.53. Country of origin: US. Transaction time: 21:00 (evening). Cash-out volume is anomalous relative to 90-day account history. Risk indicators: transaction amount represents >80% of available balance.",SAR-00076
577,TXN0003553,TRANSFER,37164.64,C4023887,131125.24,93960.6,C2352311,107067.07,161734.44,US,5,0,37164.63999999999,0,0.2834264141181811,1,0,0,0,1,1,100.0,HIGH,"Suspicious TRANSFER activity detected on account C4023887. A total of $37,164.64 was moved to beneficiary account C2352311 in 1 transaction(s). Originating account balance reduced to $93,960.60 from $131,125.24. Geographic origin: US. Time of activity: 05:00 (late night / off-hours). This account has not previously transacted with the destination account. Risk indicators: statistical anomaly detected by Isolation Forest model.",SAR-00077
616,TXN0003592,TRANSFER,24520.81,C4665145,228517.15,203996.34,C4467952,91676.84,25860.08,DE,6,0,24520.81,0,0.1073035555381487,1,0,0,0,1,1,100.0,HIGH,"Account C4665145 initiated 4 TRANSFER transaction(s) totaling $24,520.81 within a 4-hour window to account C4467952. The originating account balance was depleted from $228,517.15 to $203,996.34. Activity originated from DE and occurred during 06:00 (morning). Transaction pattern is inconsistent with established account behavior and may indicate layering or structuring activity. Risk indicators: statistical anomaly detected by Isolation Forest model.",SAR-00078
626,TXN0003602,PAYMENT,14759.23,C7079661,86151.43,71392.2,M5059623,147565.34,56902.67,UA,5,0,14759.229999999996,0,0.1713153070667885,0,0,1,0,0,1,100.0,HIGH,"Account C7079661 flagged for anomalous PAYMENT activity. Transaction amount: $14,759.23 to account M5059623. Account balance changed from $86,151.43 to $71,392.20. Activity originated from UA at 05:00 (late night / off-hours). Automated risk scoring system assigned HIGH risk tier based on behavioral deviation from account baseline. Risk indicators: transaction originated from high-risk jurisdiction.",SAR-00079
683,TXN0003659,TRANSFER,20436.18,C2388945,258826.27,238390.09,C6731958,12949.86,104937.18,US,23,0,20436.179999999997,0,0.0789568270762196,1,0,0,0,1,1,100.0,HIGH,"Account C2388945 initiated 3 TRANSFER transaction(s) totaling $20,436.18 within a 6-hour window to account C6731958. The originating account balance was depleted from $258,826.27 to $238,390.09. Activity originated from US and occurred during 23:00 (evening). Transaction pattern is inconsistent with established account behavior and may indicate layering or structuring activity. Risk indicators: statistical anomaly detected by Isolation Forest model.",SAR-00080
710,TXN0003686,PAYMENT,35255.61,C8911046,3452.81,0.0,M1892659,28514.99,41523.26,BR,9,0,3452.81,1,10.207744490866608,0,0,0,0,0,1,100.0,HIGH,"Account C8911046 flagged for anomalous PAYMENT activity. Transaction amount: $35,255.61 to account M1892659. Account balance changed from $3,452.81 to $0.00. Activity originated from BR at 09:00 (morning). Automated risk scoring system assigned HIGH risk tier based on behavioral deviation from account baseline. Risk indicators: account balance fully depleted in single transaction; transaction amount represents >80% of available balance.",SAR-00081
740,TXN0003716,TRANSFER,160521.94,C4595723,20288.4,0.0,C9445045,47948.73,102300.8,US,10,1,20288.4,1,7.911615917671296,1,0,0,1,1,1,100.0,HIGH,"Suspicious TRANSFER activity detected on account C4595723. A total of $160,521.94 was moved to beneficiary account C9445045 in 1 transaction(s). Originating account balance reduced to $0.00 from $20,288.40. Geographic origin: US. Time of activity: 10:00 (morning). This account has not previously transacted with the destination account. Risk indicators: account balance fully depleted in single transaction; transaction amount exceeds $100,000 threshold; transaction amount represents >80% of available balance.",SAR-00082
741,TXN0003717,CASH_OUT,24731.49,C7542015,196640.63,171909.14,C5704646,186067.78,59634.05,CN,20,0,24731.48999999999,0,0.1257693500608187,1,0,0,0,2,1,100.0,HIGH,"Account C7542015 conducted 2 CASH_OUT transaction(s) totaling $24,731.49 through agent account C5704646. Origin balance decreased from $196,640.63 to $171,909.14. Activity logged from CN at 20:00 (evening). Rapid cash extraction following prior electronic transfers suggests possible integration phase of money laundering. Risk indicators: statistical anomaly detected by Isolation Forest model.",SAR-00083
37,TXN0003757,CASH_OUT,14532.63,C5955190,79068.54,64535.91,C1751706,41256.35,143359.7,UA,15,0,14532.62999999999,0,0.1837955551530969,1,0,1,0,2,1,100.0,HIGH,"Elevated CASH_OUT activity flagged for account C5955190. Amount: $14,532.63 via C1751706. Balance drained: $79,068.54 → $64,535.91. Country of origin: UA. Transaction time: 15:00 (business hours). Cash-out volume is anomalous relative to 90-day account history. Risk indicators: transaction originated from high-risk jurisdiction.",SAR-00084
232,TXN0003952,DEBIT,19306.43,C3977012,72297.66,52991.23,C6883231,122326.81,12316.4,US,2,0,19306.43,0,0.2670371760693766,0,1,0,0,3,1,100.0,HIGH,"Account C3977012 flagged for anomalous DEBIT activity. Transaction amount: $19,306.43 to account C6883231. Account balance changed from $72,297.66 to $52,991.23. Activity originated from US at 02:00 (late night / off-hours). Automated risk scoring system assigned HIGH risk tier based on behavioral deviation from account baseline. Risk indicators: activity occurred between 00:00–05:00 local time.",SAR-00085
248,TXN0003968,PAYMENT,13774.17,C5670862,57366.05,43591.880000000005,M3520838,170160.13,159939.26,KE,3,0,13774.169999999998,0,0.2401059493210824,0,1,1,0,0,1,100.0,HIGH,"Account C5670862 flagged for anomalous PAYMENT activity. Transaction amount: $13,774.17 to account M3520838. Account balance changed from $57,366.05 to $43,591.88. Activity originated from KE at 03:00 (late night / off-hours). Automated risk scoring system assigned HIGH risk tier based on behavioral deviation from account baseline. Risk indicators: activity occurred between 00:00–05:00 local time; transaction originated from high-risk jurisdiction.",SAR-00086
262,TXN0003982,CASH_OUT,133801.61,C7261430,274402.13,140600.52000000002,C8943071,147544.89,60803.55,CN,22,0,133801.61,0,0.4876096347734808,1,0,0,1,2,1,100.0,HIGH,"Account C7261430 conducted 2 CASH_OUT transaction(s) totaling $133,801.61 through agent account C8943071. Origin balance decreased from $274,402.13 to $140,600.52. Activity logged from CN at 22:00 (evening). Rapid cash extraction following prior electronic transfers suggests possible integration phase of money laundering. Risk indicators: transaction amount exceeds $100,000 threshold.",SAR-00087
300,TXN0004020,DEBIT,18767.34,C9976465,201374.98,182607.64,C9453512,163282.25,146400.66,KE,1,0,18767.34,0,0.0931955241136505,0,1,1,0,3,1,100.0,HIGH,"Account C9976465 flagged for anomalous DEBIT activity. Transaction amount: $18,767.34 to account C9453512. Account balance changed from $201,374.98 to $182,607.64. Activity originated from KE at 01:00 (late night / off-hours). Automated risk scoring system assigned HIGH risk tier based on behavioral deviation from account baseline. Risk indicators: activity occurred between 00:00–05:00 local time; transaction originated from high-risk jurisdiction.",SAR-00088
327,TXN0004047,DEBIT,68139.26,C9347757,347852.06,279712.8,C1994790,94003.79,22996.08,CN,13,0,68139.26000000001,0,0.1958851820938415,0,0,0,0,3,1,100.0,HIGH,"Account C9347757 flagged for anomalous DEBIT activity. Transaction amount: $68,139.26 to account C1994790. Account balance changed from $347,852.06 to $279,712.80. Activity originated from CN at 13:00 (business hours). Automated risk scoring system assigned HIGH risk tier based on behavioral deviation from account baseline. Risk indicators: statistical anomaly detected by Isolation Forest model.",SAR-00089
378,TXN0004098,CASH_OUT,187.85,C7911791,129.35,0.0,C1311004,112155.01,125651.13,US,4,0,129.35,1,1.441120061373226,1,1,0,0,2,1,100.0,HIGH,Account C7911791 conducted 3 CASH_OUT transaction(s) totaling $187.85 through agent account C1311004. Origin balance decreased from $129.35 to $0.00. Activity logged from US at 04:00 (late night / off-hours). Rapid cash extraction following prior electronic transfers suggests possible integration phase of money laundering. Risk indicators: account balance fully depleted in single transaction; activity occurred between 00:00–05:00 local time; transaction amount represents >80% of available balance.,SAR-00090
466,TXN0004186,TRANSFER,26853.5,C7909546,20887.51,0.0,C1211511,89540.66,62955.35,UA,7,0,20887.51,1,1.285563211545486,1,0,1,0,1,1,100.0,HIGH,"Suspicious TRANSFER activity detected on account C7909546. A total of $26,853.50 was moved to beneficiary account C1211511 in 2 transaction(s). Originating account balance reduced to $0.00 from $20,887.51. Geographic origin: UA. Time of activity: 07:00 (morning). This account has not previously transacted with the destination account. Risk indicators: account balance fully depleted in single transaction; transaction originated from high-risk jurisdiction; transaction amount represents >80% of available balance.",SAR-00091
645,TXN0004365,CASH_OUT,16250.5,C8354140,358.53,0.0,C3278549,142391.24,110116.12,US,7,0,358.53,1,45.19928795928018,1,0,0,0,2,1,100.0,HIGH,"Elevated CASH_OUT activity flagged for account C8354140. Amount: $16,250.50 via C3278549. Balance drained: $358.53 → $0.00. Country of origin: US. Transaction time: 07:00 (morning). Cash-out volume is anomalous relative to 90-day account history. Risk indicators: account balance fully depleted in single transaction; transaction amount represents >80% of available balance.",SAR-00092
59,TXN0004523,CASH_IN,15523.81,C9207371,127336.57,111812.76,C7468424,19747.46,43514.04,UA,13,0,15523.810000000012,0,0.1219106819770473,0,0,1,0,4,1,100.0,HIGH,"Account C9207371 flagged for anomalous CASH_IN activity. Transaction amount: $15,523.81 to account C7468424. Account balance changed from $127,336.57 to $111,812.76. Activity originated from UA at 13:00 (business hours). Automated risk scoring system assigned HIGH risk tier based on behavioral deviation from account baseline. Risk indicators: transaction originated from high-risk jurisdiction.",SAR-00093
191,TXN0004655,CASH_IN,18212.39,C4698887,379222.32,361009.93,C2502424,186567.33,7364.57,GB,3,0,18212.39000000001,0,0.0480255011743476,0,1,0,0,4,1,100.0,HIGH,"Account C4698887 flagged for anomalous CASH_IN activity. Transaction amount: $18,212.39 to account C2502424. Account balance changed from $379,222.32 to $361,009.93. Activity originated from GB at 03:00 (late night / off-hours). Automated risk scoring system assigned HIGH risk tier based on behavioral deviation from account baseline. Risk indicators: activity occurred between 00:00–05:00 local time.",SAR-00094
252,TXN0004716,CASH_IN,29049.14,C2570620,129029.13,99979.99,C2118894,31442.81,140343.76,MX,3,0,29049.14,0,0.2251345480315334,0,1,0,0,4,1,100.0,HIGH,"Account C2570620 flagged for anomalous CASH_IN activity. Transaction amount: $29,049.14 to account C2118894. Account balance changed from $129,029.13 to $99,979.99. Activity originated from MX at 03:00 (late night / off-hours). Automated risk scoring system assigned HIGH risk tier based on behavioral deviation from account baseline. Risk indicators: activity occurred between 00:00–05:00 local time.",SAR-00095
320,TXN0004784,TRANSFER,60502.23,C5413309,160916.68,100414.44999999998,C5658686,199372.67,139404.5,US,22,0,60502.23000000001,0,0.3759824899290122,1,0,0,0,1,1,100.0,HIGH,"Suspicious TRANSFER activity detected on account C5413309. A total of $60,502.23 was moved to beneficiary account C5658686 in 1 transaction(s). Originating account balance reduced to $100,414.45 from $160,916.68. Geographic origin: US. Time of activity: 22:00 (evening). This account has not previously transacted with the destination account. Risk indicators: statistical anomaly detected by Isolation Forest model.",SAR-00096
387,TXN0004851,CASH_OUT,40055.43,C5617626,46137.76,6082.330000000002,C4197033,5553.73,99933.74,KE,11,0,40055.43,0,0.8681514197607391,1,0,1,0,2,1,100.0,HIGH,"Elevated CASH_OUT activity flagged for account C5617626. Amount: $40,055.43 via C4197033. Balance drained: $46,137.76 → $6,082.33. Country of origin: KE. Transaction time: 11:00 (morning). Cash-out volume is anomalous relative to 90-day account history. Risk indicators: transaction originated from high-risk jurisdiction; transaction amount represents >80% of available balance.",SAR-00097
391,TXN0004855,DEBIT,26563.89,C5380146,491412.76,464848.87,C1260894,104843.63,66927.88,NG,6,0,26563.89000000001,0,0.0540560565499834,0,0,1,0,3,1,100.0,HIGH,"Account C5380146 flagged for anomalous DEBIT activity. Transaction amount: $26,563.89 to account C1260894. Account balance changed from $491,412.76 to $464,848.87. Activity originated from NG at 06:00 (morning). Automated risk scoring system assigned HIGH risk tier based on behavioral deviation from account baseline. Risk indicators: transaction originated from high-risk jurisdiction.",SAR-00098
406,TXN0004870,PAYMENT,115118.89,C9470972,147406.51,32287.62000000001,M2952833,89057.03,76430.35,DE,0,0,115118.89,0,0.7809567504396485,0,1,0,1,0,1,100.0,HIGH,"Account C9470972 flagged for anomalous PAYMENT activity. Transaction amount: $115,118.89 to account M2952833. Account balance changed from $147,406.51 to $32,287.62. Activity originated from DE at 00:00 (late night / off-hours). Automated risk scoring system assigned HIGH risk tier based on behavioral deviation from account baseline. Risk indicators: transaction amount exceeds $100,000 threshold; activity occurred between 00:00–05:00 local time.",SAR-00099
525,TXN0004989,PAYMENT,29267.1,C9367001,212075.31,182808.21,M9864139,71355.21,163281.89,BR,18,0,29267.10000000001,0,0.1380026840338744,0,0,0,0,0,1,100.0,HIGH,"Account C9367001 flagged for anomalous PAYMENT activity. Transaction amount: $29,267.10 to account M9864139. Account balance changed from $212,075.31 to $182,808.21. Activity originated from BR at 18:00 (evening). Automated risk scoring system assigned HIGH risk tier based on behavioral deviation from account baseline. Risk indicators: statistical anomaly detected by Isolation Forest model.",SAR-00100
